"name","genes"
"nonucp1.all","CKB"
"nonucp1.all","ALPL"
"nonucp1.all","SLC6A8"
"nonucp1.all","GATM"
"nonucp1.all","GAMT"
"nonucp1.all","CKMT1A"
"nonucp1.all","CKMT1B"
"nonucp1.all","CKMT2"
"nonucp1.all","DGAT1"
"nonucp1.all","DGAT2"
"nonucp1.all","PNPLA2"
"nonucp1.all","LIPE"
"nonucp1.all","GYK"
"nonucp1.all","ACLY"
"nonucp1.all","LPL"
"nonucp1.all","PCK1"
"nonucp1.all","CD36"
"nonucp1.all","ATPA2"
"nonucp1.all","C4orf3 (ARLN)"
"nonucp1.all","mIR378"
"nonucp1.all","ADRB3"
"nonucp1.all","STAT3"
"nonucp1.all","GPAT3"
"nonucp1.all","SLC24A4"
"nonucp1.all","SLC24A5"
"nonucp1.all","SLN"
"nonucp1.all","PLN"
"nonucp1.all","ATPA1"
"nonucp1.all","ATPA3"
"nonucp1.all","GIPR"
"nonucp1.all","RYR"
"nonucp1.all","CAMK2A"
"nonucp1.all","HRC"
"REACTOME_AMPK_inhibits_chREBP_R-HSA-163680","ADIPOQ"
"REACTOME_AMPK_inhibits_chREBP_R-HSA-163680","ADIPOR1"
"REACTOME_AMPK_inhibits_chREBP_R-HSA-163680","ADIPOR2"
"REACTOME_AMPK_inhibits_chREBP_R-HSA-163680","MLXIPL"
"REACTOME_AMPK_inhibits_chREBP_R-HSA-163680","PRKAA2"
"REACTOME_AMPK_inhibits_chREBP_R-HSA-163680","PRKAB2"
"REACTOME_AMPK_inhibits_chREBP_R-HSA-163680","PRKAG2"
"REACTOME_AMPK_inhibits_chREBP_R-HSA-163680","STK11"
"REACTOME_Integration_of_energy_metabolism_R-HSA-163685","ABCC8"
"REACTOME_Integration_of_energy_metabolism_R-HSA-163685","ACACA"
"REACTOME_Integration_of_energy_metabolism_R-HSA-163685","ACACB"
"REACTOME_Integration_of_energy_metabolism_R-HSA-163685","ACLY"
"REACTOME_Integration_of_energy_metabolism_R-HSA-163685","ACSL3"
"REACTOME_Integration_of_energy_metabolism_R-HSA-163685","ACSL4"
"REACTOME_Integration_of_energy_metabolism_R-HSA-163685","ADCY1"
"REACTOME_Integration_of_energy_metabolism_R-HSA-163685","ADCY2"
"REACTOME_Integration_of_energy_metabolism_R-HSA-163685","ADCY3"
"REACTOME_Integration_of_energy_metabolism_R-HSA-163685","ADCY4"
"REACTOME_Integration_of_energy_metabolism_R-HSA-163685","ADCY5"
"REACTOME_Integration_of_energy_metabolism_R-HSA-163685","ADCY6"
"REACTOME_Integration_of_energy_metabolism_R-HSA-163685","ADCY7"
"REACTOME_Integration_of_energy_metabolism_R-HSA-163685","ADCY8"
"REACTOME_Integration_of_energy_metabolism_R-HSA-163685","ADCY9"
"REACTOME_Integration_of_energy_metabolism_R-HSA-163685","ADIPOQ"
"REACTOME_Integration_of_energy_metabolism_R-HSA-163685","ADIPOR1"
"REACTOME_Integration_of_energy_metabolism_R-HSA-163685","ADIPOR2"
"REACTOME_Integration_of_energy_metabolism_R-HSA-163685","ADRA2A"
"REACTOME_Integration_of_energy_metabolism_R-HSA-163685","ADRA2C"
"REACTOME_Integration_of_energy_metabolism_R-HSA-163685","AGPAT1"
"REACTOME_Integration_of_energy_metabolism_R-HSA-163685","AHCYL1"
"REACTOME_Integration_of_energy_metabolism_R-HSA-163685","AKAP5"
"REACTOME_Integration_of_energy_metabolism_R-HSA-163685","CACNA1A"
"REACTOME_Integration_of_energy_metabolism_R-HSA-163685","CACNA1C"
"REACTOME_Integration_of_energy_metabolism_R-HSA-163685","CACNA1D"
"REACTOME_Integration_of_energy_metabolism_R-HSA-163685","CACNA1E"
"REACTOME_Integration_of_energy_metabolism_R-HSA-163685","CACNA2D2"
"REACTOME_Integration_of_energy_metabolism_R-HSA-163685","CACNB2"
"REACTOME_Integration_of_energy_metabolism_R-HSA-163685","CACNB3"
"REACTOME_Integration_of_energy_metabolism_R-HSA-163685","CD36"
"REACTOME_Integration_of_energy_metabolism_R-HSA-163685","CHRM3"
"REACTOME_Integration_of_energy_metabolism_R-HSA-163685","FASN"
"REACTOME_Integration_of_energy_metabolism_R-HSA-163685","FFAR1"
"REACTOME_Integration_of_energy_metabolism_R-HSA-163685","GCG"
"REACTOME_Integration_of_energy_metabolism_R-HSA-163685","GCGR"
"REACTOME_Integration_of_energy_metabolism_R-HSA-163685","GLP1R"
"REACTOME_Integration_of_energy_metabolism_R-HSA-163685","GNA11"
"REACTOME_Integration_of_energy_metabolism_R-HSA-163685","GNA14"
"REACTOME_Integration_of_energy_metabolism_R-HSA-163685","GNA15"
"REACTOME_Integration_of_energy_metabolism_R-HSA-163685","GNAI1"
"REACTOME_Integration_of_energy_metabolism_R-HSA-163685","GNAI2"
"REACTOME_Integration_of_energy_metabolism_R-HSA-163685","GNAQ"
"REACTOME_Integration_of_energy_metabolism_R-HSA-163685","GNAS"
"REACTOME_Integration_of_energy_metabolism_R-HSA-163685","GNB1"
"REACTOME_Integration_of_energy_metabolism_R-HSA-163685","GNB2"
"REACTOME_Integration_of_energy_metabolism_R-HSA-163685","GNB3"
"REACTOME_Integration_of_energy_metabolism_R-HSA-163685","GNB4"
"REACTOME_Integration_of_energy_metabolism_R-HSA-163685","GNB5"
"REACTOME_Integration_of_energy_metabolism_R-HSA-163685","GNG10"
"REACTOME_Integration_of_energy_metabolism_R-HSA-163685","GNG11"
"REACTOME_Integration_of_energy_metabolism_R-HSA-163685","GNG12"
"REACTOME_Integration_of_energy_metabolism_R-HSA-163685","GNG13"
"REACTOME_Integration_of_energy_metabolism_R-HSA-163685","GNG2"
"REACTOME_Integration_of_energy_metabolism_R-HSA-163685","GNG3"
"REACTOME_Integration_of_energy_metabolism_R-HSA-163685","GNG4"
"REACTOME_Integration_of_energy_metabolism_R-HSA-163685","GNG5"
"REACTOME_Integration_of_energy_metabolism_R-HSA-163685","GNG7"
"REACTOME_Integration_of_energy_metabolism_R-HSA-163685","GNG8"
"REACTOME_Integration_of_energy_metabolism_R-HSA-163685","GNGT1"
"REACTOME_Integration_of_energy_metabolism_R-HSA-163685","GNGT2"
"REACTOME_Integration_of_energy_metabolism_R-HSA-163685","INS"
"REACTOME_Integration_of_energy_metabolism_R-HSA-163685","IQGAP1"
"REACTOME_Integration_of_energy_metabolism_R-HSA-163685","ITPR1"
"REACTOME_Integration_of_energy_metabolism_R-HSA-163685","ITPR2"
"REACTOME_Integration_of_energy_metabolism_R-HSA-163685","ITPR3"
"REACTOME_Integration_of_energy_metabolism_R-HSA-163685","KCNB1"
"REACTOME_Integration_of_energy_metabolism_R-HSA-163685","KCNC2"
"REACTOME_Integration_of_energy_metabolism_R-HSA-163685","KCNG2"
"REACTOME_Integration_of_energy_metabolism_R-HSA-163685","KCNJ11"
"REACTOME_Integration_of_energy_metabolism_R-HSA-163685","KCNS3"
"REACTOME_Integration_of_energy_metabolism_R-HSA-163685","MARCKS"
"REACTOME_Integration_of_energy_metabolism_R-HSA-163685","MLX"
"REACTOME_Integration_of_energy_metabolism_R-HSA-163685","MLXIPL"
"REACTOME_Integration_of_energy_metabolism_R-HSA-163685","PFKFB1"
"REACTOME_Integration_of_energy_metabolism_R-HSA-163685","PKLR"
"REACTOME_Integration_of_energy_metabolism_R-HSA-163685","PLCB1"
"REACTOME_Integration_of_energy_metabolism_R-HSA-163685","PLCB2"
"REACTOME_Integration_of_energy_metabolism_R-HSA-163685","PLCB3"
"REACTOME_Integration_of_energy_metabolism_R-HSA-163685","PPP2CA"
"REACTOME_Integration_of_energy_metabolism_R-HSA-163685","PPP2CB"
"REACTOME_Integration_of_energy_metabolism_R-HSA-163685","PPP2R1A"
"REACTOME_Integration_of_energy_metabolism_R-HSA-163685","PPP2R1B"
"REACTOME_Integration_of_energy_metabolism_R-HSA-163685","PPP2R5D"
"REACTOME_Integration_of_energy_metabolism_R-HSA-163685","PRKAA2"
"REACTOME_Integration_of_energy_metabolism_R-HSA-163685","PRKAB2"
"REACTOME_Integration_of_energy_metabolism_R-HSA-163685","PRKACA"
"REACTOME_Integration_of_energy_metabolism_R-HSA-163685","PRKACB"
"REACTOME_Integration_of_energy_metabolism_R-HSA-163685","PRKACG"
"REACTOME_Integration_of_energy_metabolism_R-HSA-163685","PRKAG2"
"REACTOME_Integration_of_energy_metabolism_R-HSA-163685","PRKAR1A"
"REACTOME_Integration_of_energy_metabolism_R-HSA-163685","PRKAR1B"
"REACTOME_Integration_of_energy_metabolism_R-HSA-163685","PRKAR2A"
"REACTOME_Integration_of_energy_metabolism_R-HSA-163685","PRKAR2B"
"REACTOME_Integration_of_energy_metabolism_R-HSA-163685","PRKCA"
"REACTOME_Integration_of_energy_metabolism_R-HSA-163685","RAP1A"
"REACTOME_Integration_of_energy_metabolism_R-HSA-163685","RAPGEF3"
"REACTOME_Integration_of_energy_metabolism_R-HSA-163685","RAPGEF4"
"REACTOME_Integration_of_energy_metabolism_R-HSA-163685","SLC2A1"
"REACTOME_Integration_of_energy_metabolism_R-HSA-163685","SLC2A2"
"REACTOME_Integration_of_energy_metabolism_R-HSA-163685","SNAP25"
"REACTOME_Integration_of_energy_metabolism_R-HSA-163685","STK11"
"REACTOME_Integration_of_energy_metabolism_R-HSA-163685","STX1A"
"REACTOME_Integration_of_energy_metabolism_R-HSA-163685","STXBP1"
"REACTOME_Integration_of_energy_metabolism_R-HSA-163685","SYT5"
"REACTOME_Integration_of_energy_metabolism_R-HSA-163685","TALDO1"
"REACTOME_Integration_of_energy_metabolism_R-HSA-163685","TKT"
"REACTOME_Integration_of_energy_metabolism_R-HSA-163685","VAMP2"
"REACTOME_Mitochondrial_biogenesis_R-HSA-1592230","ACSS2"
"REACTOME_Mitochondrial_biogenesis_R-HSA-1592230","ALAS1"
"REACTOME_Mitochondrial_biogenesis_R-HSA-1592230","APOO"
"REACTOME_Mitochondrial_biogenesis_R-HSA-1592230","APOOL"
"REACTOME_Mitochondrial_biogenesis_R-HSA-1592230","ATF2"
"REACTOME_Mitochondrial_biogenesis_R-HSA-1592230","ATP5F1A"
"REACTOME_Mitochondrial_biogenesis_R-HSA-1592230","ATP5F1B"
"REACTOME_Mitochondrial_biogenesis_R-HSA-1592230","ATP5F1C"
"REACTOME_Mitochondrial_biogenesis_R-HSA-1592230","ATP5F1D"
"REACTOME_Mitochondrial_biogenesis_R-HSA-1592230","ATP5F1E"
"REACTOME_Mitochondrial_biogenesis_R-HSA-1592230","ATP5MC1"
"REACTOME_Mitochondrial_biogenesis_R-HSA-1592230","ATP5MC2"
"REACTOME_Mitochondrial_biogenesis_R-HSA-1592230","ATP5MC3"
"REACTOME_Mitochondrial_biogenesis_R-HSA-1592230","ATP5ME"
"REACTOME_Mitochondrial_biogenesis_R-HSA-1592230","ATP5MF"
"REACTOME_Mitochondrial_biogenesis_R-HSA-1592230","ATP5MG"
"REACTOME_Mitochondrial_biogenesis_R-HSA-1592230","ATP5MJ"
"REACTOME_Mitochondrial_biogenesis_R-HSA-1592230","ATP5MK"
"REACTOME_Mitochondrial_biogenesis_R-HSA-1592230","ATP5PB"
"REACTOME_Mitochondrial_biogenesis_R-HSA-1592230","ATP5PD"
"REACTOME_Mitochondrial_biogenesis_R-HSA-1592230","ATP5PF"
"REACTOME_Mitochondrial_biogenesis_R-HSA-1592230","ATP5PO"
"REACTOME_Mitochondrial_biogenesis_R-HSA-1592230","CALM1"
"REACTOME_Mitochondrial_biogenesis_R-HSA-1592230","CAMK4"
"REACTOME_Mitochondrial_biogenesis_R-HSA-1592230","CARM1"
"REACTOME_Mitochondrial_biogenesis_R-HSA-1592230","CHCHD3"
"REACTOME_Mitochondrial_biogenesis_R-HSA-1592230","CHCHD6"
"REACTOME_Mitochondrial_biogenesis_R-HSA-1592230","CHD9"
"REACTOME_Mitochondrial_biogenesis_R-HSA-1592230","CREB1"
"REACTOME_Mitochondrial_biogenesis_R-HSA-1592230","CREBBP"
"REACTOME_Mitochondrial_biogenesis_R-HSA-1592230","CRTC1"
"REACTOME_Mitochondrial_biogenesis_R-HSA-1592230","CRTC2"
"REACTOME_Mitochondrial_biogenesis_R-HSA-1592230","CRTC3"
"REACTOME_Mitochondrial_biogenesis_R-HSA-1592230","CYCS"
"REACTOME_Mitochondrial_biogenesis_R-HSA-1592230","DMAC2L"
"REACTOME_Mitochondrial_biogenesis_R-HSA-1592230","DNAJC11"
"REACTOME_Mitochondrial_biogenesis_R-HSA-1592230","ESRRA"
"REACTOME_Mitochondrial_biogenesis_R-HSA-1592230","GABPA"
"REACTOME_Mitochondrial_biogenesis_R-HSA-1592230","GABPB1"
"REACTOME_Mitochondrial_biogenesis_R-HSA-1592230","GLUD1"
"REACTOME_Mitochondrial_biogenesis_R-HSA-1592230","GLUD2"
"REACTOME_Mitochondrial_biogenesis_R-HSA-1592230","HCFC1"
"REACTOME_Mitochondrial_biogenesis_R-HSA-1592230","HDAC3"
"REACTOME_Mitochondrial_biogenesis_R-HSA-1592230","HELZ2"
"REACTOME_Mitochondrial_biogenesis_R-HSA-1592230","HSPA9"
"REACTOME_Mitochondrial_biogenesis_R-HSA-1592230","IDH2"
"REACTOME_Mitochondrial_biogenesis_R-HSA-1592230","IMMT"
"REACTOME_Mitochondrial_biogenesis_R-HSA-1592230","MAPK11"
"REACTOME_Mitochondrial_biogenesis_R-HSA-1592230","MAPK12"
"REACTOME_Mitochondrial_biogenesis_R-HSA-1592230","MAPK14"
"REACTOME_Mitochondrial_biogenesis_R-HSA-1592230","MED1"
"REACTOME_Mitochondrial_biogenesis_R-HSA-1592230","MEF2C"
"REACTOME_Mitochondrial_biogenesis_R-HSA-1592230","MEF2D"
"REACTOME_Mitochondrial_biogenesis_R-HSA-1592230","MICOS10"
"REACTOME_Mitochondrial_biogenesis_R-HSA-1592230","MICOS13"
"REACTOME_Mitochondrial_biogenesis_R-HSA-1592230","MT-ATP6"
"REACTOME_Mitochondrial_biogenesis_R-HSA-1592230","MT-ATP8"
"REACTOME_Mitochondrial_biogenesis_R-HSA-1592230","MTERF1"
"REACTOME_Mitochondrial_biogenesis_R-HSA-1592230","MTX1"
"REACTOME_Mitochondrial_biogenesis_R-HSA-1592230","MTX2"
"REACTOME_Mitochondrial_biogenesis_R-HSA-1592230","NCOA1"
"REACTOME_Mitochondrial_biogenesis_R-HSA-1592230","NCOA2"
"REACTOME_Mitochondrial_biogenesis_R-HSA-1592230","NCOA6"
"REACTOME_Mitochondrial_biogenesis_R-HSA-1592230","NCOR1"
"REACTOME_Mitochondrial_biogenesis_R-HSA-1592230","NR1D1"
"REACTOME_Mitochondrial_biogenesis_R-HSA-1592230","NRF1"
"REACTOME_Mitochondrial_biogenesis_R-HSA-1592230","PERM1"
"REACTOME_Mitochondrial_biogenesis_R-HSA-1592230","POLG2"
"REACTOME_Mitochondrial_biogenesis_R-HSA-1592230","POLRMT"
"REACTOME_Mitochondrial_biogenesis_R-HSA-1592230","PPARA"
"REACTOME_Mitochondrial_biogenesis_R-HSA-1592230","PPARGC1A"
"REACTOME_Mitochondrial_biogenesis_R-HSA-1592230","PPARGC1B"
"REACTOME_Mitochondrial_biogenesis_R-HSA-1592230","PPRC1"
"REACTOME_Mitochondrial_biogenesis_R-HSA-1592230","PRKAA2"
"REACTOME_Mitochondrial_biogenesis_R-HSA-1592230","PRKAB1"
"REACTOME_Mitochondrial_biogenesis_R-HSA-1592230","PRKAB2"
"REACTOME_Mitochondrial_biogenesis_R-HSA-1592230","PRKAG1"
"REACTOME_Mitochondrial_biogenesis_R-HSA-1592230","PRKAG2"
"REACTOME_Mitochondrial_biogenesis_R-HSA-1592230","PRKAG3"
"REACTOME_Mitochondrial_biogenesis_R-HSA-1592230","RXRA"
"REACTOME_Mitochondrial_biogenesis_R-HSA-1592230","SAMM50"
"REACTOME_Mitochondrial_biogenesis_R-HSA-1592230","SIRT3"
"REACTOME_Mitochondrial_biogenesis_R-HSA-1592230","SIRT4"
"REACTOME_Mitochondrial_biogenesis_R-HSA-1592230","SIRT5"
"REACTOME_Mitochondrial_biogenesis_R-HSA-1592230","SMARCD3"
"REACTOME_Mitochondrial_biogenesis_R-HSA-1592230","SOD2"
"REACTOME_Mitochondrial_biogenesis_R-HSA-1592230","SSBP1"
"REACTOME_Mitochondrial_biogenesis_R-HSA-1592230","TBL1X"
"REACTOME_Mitochondrial_biogenesis_R-HSA-1592230","TBL1XR1"
"REACTOME_Mitochondrial_biogenesis_R-HSA-1592230","TFAM"
"REACTOME_Mitochondrial_biogenesis_R-HSA-1592230","TFB1M"
"REACTOME_Mitochondrial_biogenesis_R-HSA-1592230","TFB2M"
"REACTOME_Mitochondrial_biogenesis_R-HSA-1592230","TGS1"
"REACTOME_Mitochondrial_biogenesis_R-HSA-1592230","TMEM11"
"REACTOME_Mitochondrial_biogenesis_R-HSA-1592230","TWNK"
"emont.hAd6","ACOT11"
"emont.hAd6","ACSF2"
"emont.hAd6","AL139383.1"
"emont.hAd6","CDK6"
"emont.hAd6","DPP6"
"emont.hAd6","EBF2"
"emont.hAd6","EHHADH"
"emont.hAd6","KCNJ3"
"emont.hAd6","LRBA"
"emont.hAd6","LSAMP"
"emont.hAd6","MPPED2"
"emont.hAd6","PLCL2"
"emont.hAd6","POLN"
"emont.hAd6","PPP2R5A"
"emont.hAd6","PTPRS"
"emont.hAd6","RAPGEF4"
"emont.hAd6","RBMS1"
"emont.hAd6","RNLS"
"emont.hAd6","SEMA6D"
"emont.hAd6","TLE1"
"emont.hAd6","WDR86"
"emont.hAd6","ZNF804A"
"lit.thermogenic","EBF2"
"lit.thermogenic","ADRB1"
"lit.thermogenic","ADBR2"
"lit.thermogenic","ADRB3"
"lit.thermogenic","PPARGC1A"
"lit.thermogenic","UCP1"
"lit.thermogenic","CITED1"
"lit.thermogenic","TBX1"
"lit.thermogenic","TMEM26"
"lit.thermogenic","NDUFS1"
"lit.thermogenic","NDUFS2"
"lit.thermogenic","NDUFS3"
"lit.thermogenic","NDUFB8"
"lit.thermogenic","SDHA"
"lit.thermogenic","SDHB"
"lit.thermogenic","UQCRC2"
"lit.thermogenic","UQCRCH"
"lit.thermogenic","COX4I1"
"lit.thermogenic","COX5B"
"lit.thermogenic","COX6A1"
"lit.thermogenic","COX7C"
"lit.thermogenic","COX8A"
"lit.thermogenic","ATP5B"
"lit.thermogenic","PRDM16"
"lit.thermogenic","CPT1B"
"C2.WP_THERMOGENESIS","ACSL1"
"C2.WP_THERMOGENESIS","ACSL3"
"C2.WP_THERMOGENESIS","ACSL4"
"C2.WP_THERMOGENESIS","ACSL5"
"C2.WP_THERMOGENESIS","ACSL6"
"C2.WP_THERMOGENESIS","ACTB"
"C2.WP_THERMOGENESIS","ACTG1"
"C2.WP_THERMOGENESIS","ACTL6A"
"C2.WP_THERMOGENESIS","ACTL6B"
"C2.WP_THERMOGENESIS","ADCY1"
"C2.WP_THERMOGENESIS","ADCY10"
"C2.WP_THERMOGENESIS","ADCY2"
"C2.WP_THERMOGENESIS","ADCY3"
"C2.WP_THERMOGENESIS","ADCY4"
"C2.WP_THERMOGENESIS","ADCY5"
"C2.WP_THERMOGENESIS","ADCY6"
"C2.WP_THERMOGENESIS","ADCY7"
"C2.WP_THERMOGENESIS","ADCY8"
"C2.WP_THERMOGENESIS","ADCY9"
"C2.WP_THERMOGENESIS","ADRB3"
"C2.WP_THERMOGENESIS","AKT1S1"
"C2.WP_THERMOGENESIS","ARID1A"
"C2.WP_THERMOGENESIS","ARID1B"
"C2.WP_THERMOGENESIS","ATF2"
"C2.WP_THERMOGENESIS","BMP8A"
"C2.WP_THERMOGENESIS","BMP8B"
"C2.WP_THERMOGENESIS","CNR1"
"C2.WP_THERMOGENESIS","CPT1A"
"C2.WP_THERMOGENESIS","CPT1B"
"C2.WP_THERMOGENESIS","CPT1C"
"C2.WP_THERMOGENESIS","CPT2"
"C2.WP_THERMOGENESIS","CREB1"
"C2.WP_THERMOGENESIS","CREB3"
"C2.WP_THERMOGENESIS","CREB3L1"
"C2.WP_THERMOGENESIS","CREB3L2"
"C2.WP_THERMOGENESIS","CREB3L3"
"C2.WP_THERMOGENESIS","CREB3L4"
"C2.WP_THERMOGENESIS","CREB5"
"C2.WP_THERMOGENESIS","DPF1"
"C2.WP_THERMOGENESIS","DPF3"
"C2.WP_THERMOGENESIS","FGF21"
"C2.WP_THERMOGENESIS","FGFR1"
"C2.WP_THERMOGENESIS","FRS2"
"C2.WP_THERMOGENESIS","GCG"
"C2.WP_THERMOGENESIS","GNAS"
"C2.WP_THERMOGENESIS","GRB2"
"C2.WP_THERMOGENESIS","HRAS"
"C2.WP_THERMOGENESIS","KDM1A"
"C2.WP_THERMOGENESIS","KDM3A"
"C2.WP_THERMOGENESIS","KDM3B"
"C2.WP_THERMOGENESIS","KLB"
"C2.WP_THERMOGENESIS","KRAS"
"C2.WP_THERMOGENESIS","LIPE"
"C2.WP_THERMOGENESIS","MAP2K3"
"C2.WP_THERMOGENESIS","MAP3K5"
"C2.WP_THERMOGENESIS","MAPK11"
"C2.WP_THERMOGENESIS","MAPK12"
"C2.WP_THERMOGENESIS","MAPK13"
"C2.WP_THERMOGENESIS","MAPK14"
"C2.WP_THERMOGENESIS","MGLL"
"C2.WP_THERMOGENESIS","MLST8"
"C2.WP_THERMOGENESIS","MTOR"
"C2.WP_THERMOGENESIS","NPR1"
"C2.WP_THERMOGENESIS","NRAS"
"C2.WP_THERMOGENESIS","PLIN1"
"C2.WP_THERMOGENESIS","PNPLA2"
"C2.WP_THERMOGENESIS","PPARG"
"C2.WP_THERMOGENESIS","PPARGC1A"
"C2.WP_THERMOGENESIS","PRDM16"
"C2.WP_THERMOGENESIS","PRKAA1"
"C2.WP_THERMOGENESIS","PRKAA2"
"C2.WP_THERMOGENESIS","PRKAB1"
"C2.WP_THERMOGENESIS","PRKAB2"
"C2.WP_THERMOGENESIS","PRKACA"
"C2.WP_THERMOGENESIS","PRKACB"
"C2.WP_THERMOGENESIS","PRKACG"
"C2.WP_THERMOGENESIS","PRKAG1"
"C2.WP_THERMOGENESIS","PRKAG2"
"C2.WP_THERMOGENESIS","PRKAG3"
"C2.WP_THERMOGENESIS","PRKG1"
"C2.WP_THERMOGENESIS","PRKG2"
"C2.WP_THERMOGENESIS","RHEB"
"C2.WP_THERMOGENESIS","RPS6"
"C2.WP_THERMOGENESIS","RPS6KA1"
"C2.WP_THERMOGENESIS","RPS6KA2"
"C2.WP_THERMOGENESIS","RPS6KA3"
"C2.WP_THERMOGENESIS","RPS6KA6"
"C2.WP_THERMOGENESIS","RPS6KB1"
"C2.WP_THERMOGENESIS","RPS6KB2"
"C2.WP_THERMOGENESIS","RPTOR"
"C2.WP_THERMOGENESIS","SIRT6"
"C2.WP_THERMOGENESIS","SLC25A20"
"C2.WP_THERMOGENESIS","SLC25A29"
"C2.WP_THERMOGENESIS","SMARCA2"
"C2.WP_THERMOGENESIS","SMARCA4"
"C2.WP_THERMOGENESIS","SMARCB1"
"C2.WP_THERMOGENESIS","SMARCC1"
"C2.WP_THERMOGENESIS","SMARCC2"
"C2.WP_THERMOGENESIS","SMARCD1"
"C2.WP_THERMOGENESIS","SMARCD2"
"C2.WP_THERMOGENESIS","SMARCD3"
"C2.WP_THERMOGENESIS","SMARCE1"
"C2.WP_THERMOGENESIS","SOS1"
"C2.WP_THERMOGENESIS","SOS2"
"C2.WP_THERMOGENESIS","TSC1"
"C2.WP_THERMOGENESIS","TSC2"
"C2.WP_THERMOGENESIS","UCP1"
"C2.WP_THERMOGENESIS","ZNF516"
"C5.GOBP_ADAPTIVE_THERMOGENESIS","ABHD6"
"C5.GOBP_ADAPTIVE_THERMOGENESIS","ACADL"
"C5.GOBP_ADAPTIVE_THERMOGENESIS","ACHE"
"C5.GOBP_ADAPTIVE_THERMOGENESIS","ACOT11"
"C5.GOBP_ADAPTIVE_THERMOGENESIS","ACOT13"
"C5.GOBP_ADAPTIVE_THERMOGENESIS","ACSL1"
"C5.GOBP_ADAPTIVE_THERMOGENESIS","ACTN3"
"C5.GOBP_ADAPTIVE_THERMOGENESIS","ACVR2B"
"C5.GOBP_ADAPTIVE_THERMOGENESIS","ADAM17"
"C5.GOBP_ADAPTIVE_THERMOGENESIS","ADAMTS5"
"C5.GOBP_ADAPTIVE_THERMOGENESIS","ADCYAP1"
"C5.GOBP_ADAPTIVE_THERMOGENESIS","ADIPOQ"
"C5.GOBP_ADAPTIVE_THERMOGENESIS","ADIPOR1"
"C5.GOBP_ADAPTIVE_THERMOGENESIS","ADIPOR2"
"C5.GOBP_ADAPTIVE_THERMOGENESIS","ADRB1"
"C5.GOBP_ADAPTIVE_THERMOGENESIS","ADRB2"
"C5.GOBP_ADAPTIVE_THERMOGENESIS","ADRB3"
"C5.GOBP_ADAPTIVE_THERMOGENESIS","ALDH1A1"
"C5.GOBP_ADAPTIVE_THERMOGENESIS","ALMS1"
"C5.GOBP_ADAPTIVE_THERMOGENESIS","ALPL"
"C5.GOBP_ADAPTIVE_THERMOGENESIS","APC"
"C5.GOBP_ADAPTIVE_THERMOGENESIS","APPL2"
"C5.GOBP_ADAPTIVE_THERMOGENESIS","ARNTL"
"C5.GOBP_ADAPTIVE_THERMOGENESIS","ARRDC3"
"C5.GOBP_ADAPTIVE_THERMOGENESIS","ATF4"
"C5.GOBP_ADAPTIVE_THERMOGENESIS","BMP8A"
"C5.GOBP_ADAPTIVE_THERMOGENESIS","BSCL2"
"C5.GOBP_ADAPTIVE_THERMOGENESIS","CAV1"
"C5.GOBP_ADAPTIVE_THERMOGENESIS","CCR2"
"C5.GOBP_ADAPTIVE_THERMOGENESIS","CD36"
"C5.GOBP_ADAPTIVE_THERMOGENESIS","CEBPB"
"C5.GOBP_ADAPTIVE_THERMOGENESIS","CIDEA"
"C5.GOBP_ADAPTIVE_THERMOGENESIS","CMKLR1"
"C5.GOBP_ADAPTIVE_THERMOGENESIS","CNOT3"
"C5.GOBP_ADAPTIVE_THERMOGENESIS","CPT2"
"C5.GOBP_ADAPTIVE_THERMOGENESIS","CXCR4"
"C5.GOBP_ADAPTIVE_THERMOGENESIS","DBH"
"C5.GOBP_ADAPTIVE_THERMOGENESIS","DDIT3"
"C5.GOBP_ADAPTIVE_THERMOGENESIS","DECR1"
"C5.GOBP_ADAPTIVE_THERMOGENESIS","DHRS7B"
"C5.GOBP_ADAPTIVE_THERMOGENESIS","DIO2"
"C5.GOBP_ADAPTIVE_THERMOGENESIS","DOCK7"
"C5.GOBP_ADAPTIVE_THERMOGENESIS","DYNC1H1"
"C5.GOBP_ADAPTIVE_THERMOGENESIS","EBF2"
"C5.GOBP_ADAPTIVE_THERMOGENESIS","EHMT1"
"C5.GOBP_ADAPTIVE_THERMOGENESIS","ELOVL3"
"C5.GOBP_ADAPTIVE_THERMOGENESIS","ELOVL6"
"C5.GOBP_ADAPTIVE_THERMOGENESIS","EPAS1"
"C5.GOBP_ADAPTIVE_THERMOGENESIS","ESRRG"
"C5.GOBP_ADAPTIVE_THERMOGENESIS","FABP4"
"C5.GOBP_ADAPTIVE_THERMOGENESIS","FABP5"
"C5.GOBP_ADAPTIVE_THERMOGENESIS","FFAR4"
"C5.GOBP_ADAPTIVE_THERMOGENESIS","FGF21"
"C5.GOBP_ADAPTIVE_THERMOGENESIS","FH"
"C5.GOBP_ADAPTIVE_THERMOGENESIS","FLCN"
"C5.GOBP_ADAPTIVE_THERMOGENESIS","FOXC2"
"C5.GOBP_ADAPTIVE_THERMOGENESIS","G0S2"
"C5.GOBP_ADAPTIVE_THERMOGENESIS","GADD45G"
"C5.GOBP_ADAPTIVE_THERMOGENESIS","GATM"
"C5.GOBP_ADAPTIVE_THERMOGENESIS","GHRL"
"C5.GOBP_ADAPTIVE_THERMOGENESIS","GJA1"
"C5.GOBP_ADAPTIVE_THERMOGENESIS","GNAS"
"C5.GOBP_ADAPTIVE_THERMOGENESIS","GPR3"
"C5.GOBP_ADAPTIVE_THERMOGENESIS","GRB10"
"C5.GOBP_ADAPTIVE_THERMOGENESIS","HADH"
"C5.GOBP_ADAPTIVE_THERMOGENESIS","HCRT"
"C5.GOBP_ADAPTIVE_THERMOGENESIS","HDAC3"
"C5.GOBP_ADAPTIVE_THERMOGENESIS","HNRNPU"
"C5.GOBP_ADAPTIVE_THERMOGENESIS","HOXC10"
"C5.GOBP_ADAPTIVE_THERMOGENESIS","HSF1"
"C5.GOBP_ADAPTIVE_THERMOGENESIS","ID1"
"C5.GOBP_ADAPTIVE_THERMOGENESIS","IGF1R"
"C5.GOBP_ADAPTIVE_THERMOGENESIS","IL13"
"C5.GOBP_ADAPTIVE_THERMOGENESIS","IL15"
"C5.GOBP_ADAPTIVE_THERMOGENESIS","IL18"
"C5.GOBP_ADAPTIVE_THERMOGENESIS","IL18R1"
"C5.GOBP_ADAPTIVE_THERMOGENESIS","IL4"
"C5.GOBP_ADAPTIVE_THERMOGENESIS","IL4R"
"C5.GOBP_ADAPTIVE_THERMOGENESIS","IP6K1"
"C5.GOBP_ADAPTIVE_THERMOGENESIS","IRF4"
"C5.GOBP_ADAPTIVE_THERMOGENESIS","JAK2"
"C5.GOBP_ADAPTIVE_THERMOGENESIS","KDM1A"
"C5.GOBP_ADAPTIVE_THERMOGENESIS","KDM3A"
"C5.GOBP_ADAPTIVE_THERMOGENESIS","KDM6B"
"C5.GOBP_ADAPTIVE_THERMOGENESIS","KSR2"
"C5.GOBP_ADAPTIVE_THERMOGENESIS","LAMA4"
"C5.GOBP_ADAPTIVE_THERMOGENESIS","LCN2"
"C5.GOBP_ADAPTIVE_THERMOGENESIS","LEP"
"C5.GOBP_ADAPTIVE_THERMOGENESIS","LEPR"
"C5.GOBP_ADAPTIVE_THERMOGENESIS","LGR4"
"C5.GOBP_ADAPTIVE_THERMOGENESIS","LNPEP"
"C5.GOBP_ADAPTIVE_THERMOGENESIS","LPIN1"
"C5.GOBP_ADAPTIVE_THERMOGENESIS","MAP2K6"
"C5.GOBP_ADAPTIVE_THERMOGENESIS","MC4R"
"C5.GOBP_ADAPTIVE_THERMOGENESIS","MFAP2"
"C5.GOBP_ADAPTIVE_THERMOGENESIS","MFN2"
"C5.GOBP_ADAPTIVE_THERMOGENESIS","NOTCH1"
"C5.GOBP_ADAPTIVE_THERMOGENESIS","NOVA1"
"C5.GOBP_ADAPTIVE_THERMOGENESIS","NOVA2"
"C5.GOBP_ADAPTIVE_THERMOGENESIS","NPR3"
"C5.GOBP_ADAPTIVE_THERMOGENESIS","NR1D1"
"C5.GOBP_ADAPTIVE_THERMOGENESIS","NR1H2"
"C5.GOBP_ADAPTIVE_THERMOGENESIS","NR1H3"
"C5.GOBP_ADAPTIVE_THERMOGENESIS","NRDC"
"C5.GOBP_ADAPTIVE_THERMOGENESIS","OGT"
"C5.GOBP_ADAPTIVE_THERMOGENESIS","OMA1"
"C5.GOBP_ADAPTIVE_THERMOGENESIS","OXT"
"C5.GOBP_ADAPTIVE_THERMOGENESIS","OXTR"
"C5.GOBP_ADAPTIVE_THERMOGENESIS","PCTP"
"C5.GOBP_ADAPTIVE_THERMOGENESIS","PDGFC"
"C5.GOBP_ADAPTIVE_THERMOGENESIS","PEMT"
"C5.GOBP_ADAPTIVE_THERMOGENESIS","PER2"
"C5.GOBP_ADAPTIVE_THERMOGENESIS","PGAM5"
"C5.GOBP_ADAPTIVE_THERMOGENESIS","PHOX2B"
"C5.GOBP_ADAPTIVE_THERMOGENESIS","PLAC8"
"C5.GOBP_ADAPTIVE_THERMOGENESIS","PLCL1"
"C5.GOBP_ADAPTIVE_THERMOGENESIS","PLCL2"
"C5.GOBP_ADAPTIVE_THERMOGENESIS","PM20D1"
"C5.GOBP_ADAPTIVE_THERMOGENESIS","PPARGC1A"
"C5.GOBP_ADAPTIVE_THERMOGENESIS","PPARGC1B"
"C5.GOBP_ADAPTIVE_THERMOGENESIS","PRDM16"
"C5.GOBP_ADAPTIVE_THERMOGENESIS","PRKAB1"
"C5.GOBP_ADAPTIVE_THERMOGENESIS","PRKAB2"
"C5.GOBP_ADAPTIVE_THERMOGENESIS","PRLR"
"C5.GOBP_ADAPTIVE_THERMOGENESIS","PTH2R"
"C5.GOBP_ADAPTIVE_THERMOGENESIS","RB1"
"C5.GOBP_ADAPTIVE_THERMOGENESIS","RBPJ"
"C5.GOBP_ADAPTIVE_THERMOGENESIS","RHEB"
"C5.GOBP_ADAPTIVE_THERMOGENESIS","SCD"
"C5.GOBP_ADAPTIVE_THERMOGENESIS","SCT"
"C5.GOBP_ADAPTIVE_THERMOGENESIS","SCTR"
"C5.GOBP_ADAPTIVE_THERMOGENESIS","SIRT6"
"C5.GOBP_ADAPTIVE_THERMOGENESIS","SLC25A4"
"C5.GOBP_ADAPTIVE_THERMOGENESIS","SLC25A44"
"C5.GOBP_ADAPTIVE_THERMOGENESIS","SLC25A5"
"C5.GOBP_ADAPTIVE_THERMOGENESIS","SLN"
"C5.GOBP_ADAPTIVE_THERMOGENESIS","SORL1"
"C5.GOBP_ADAPTIVE_THERMOGENESIS","STAT6"
"C5.GOBP_ADAPTIVE_THERMOGENESIS","STK11"
"C5.GOBP_ADAPTIVE_THERMOGENESIS","SYK"
"C5.GOBP_ADAPTIVE_THERMOGENESIS","TFE3"
"C5.GOBP_ADAPTIVE_THERMOGENESIS","THADA"
"C5.GOBP_ADAPTIVE_THERMOGENESIS","THRA"
"C5.GOBP_ADAPTIVE_THERMOGENESIS","TLE3"
"C5.GOBP_ADAPTIVE_THERMOGENESIS","TLR4"
"C5.GOBP_ADAPTIVE_THERMOGENESIS","TRPM8"
"C5.GOBP_ADAPTIVE_THERMOGENESIS","TRPV1"
"C5.GOBP_ADAPTIVE_THERMOGENESIS","TRPV2"
"C5.GOBP_ADAPTIVE_THERMOGENESIS","TRPV4"
"C5.GOBP_ADAPTIVE_THERMOGENESIS","TSHR"
"C5.GOBP_ADAPTIVE_THERMOGENESIS","UCP1"
"C5.GOBP_ADAPTIVE_THERMOGENESIS","UCP2"
"C5.GOBP_ADAPTIVE_THERMOGENESIS","UCP3"
"C5.GOBP_ADAPTIVE_THERMOGENESIS","VEGFA"
"C5.GOBP_ADAPTIVE_THERMOGENESIS","WNT10B"
"C5.GOBP_ADAPTIVE_THERMOGENESIS","YBX2"
"C5.GOBP_ADAPTIVE_THERMOGENESIS","ZBTB7B"
"C5.GOBP_ADAPTIVE_THERMOGENESIS","ZNF423"
"C5.GOBP_ADAPTIVE_THERMOGENESIS","ZNF516"
"C5.GOBP_BROWN_FAT_CELL_DIFFERENTIATION","ADIG"
"C5.GOBP_BROWN_FAT_CELL_DIFFERENTIATION","ADIPOQ"
"C5.GOBP_BROWN_FAT_CELL_DIFFERENTIATION","ADRB1"
"C5.GOBP_BROWN_FAT_CELL_DIFFERENTIATION","ADRB2"
"C5.GOBP_BROWN_FAT_CELL_DIFFERENTIATION","ALDH6A1"
"C5.GOBP_BROWN_FAT_CELL_DIFFERENTIATION","ARL4A"
"C5.GOBP_BROWN_FAT_CELL_DIFFERENTIATION","BMP7"
"C5.GOBP_BROWN_FAT_CELL_DIFFERENTIATION","BNIP3"
"C5.GOBP_BROWN_FAT_CELL_DIFFERENTIATION","CEBPA"
"C5.GOBP_BROWN_FAT_CELL_DIFFERENTIATION","CEBPB"
"C5.GOBP_BROWN_FAT_CELL_DIFFERENTIATION","DHRS7B"
"C5.GOBP_BROWN_FAT_CELL_DIFFERENTIATION","DIO2"
"C5.GOBP_BROWN_FAT_CELL_DIFFERENTIATION","DUSP10"
"C5.GOBP_BROWN_FAT_CELL_DIFFERENTIATION","EBF2"
"C5.GOBP_BROWN_FAT_CELL_DIFFERENTIATION","ERO1A"
"C5.GOBP_BROWN_FAT_CELL_DIFFERENTIATION","FABP3"
"C5.GOBP_BROWN_FAT_CELL_DIFFERENTIATION","FABP4"
"C5.GOBP_BROWN_FAT_CELL_DIFFERENTIATION","FFAR4"
"C5.GOBP_BROWN_FAT_CELL_DIFFERENTIATION","FLCN"
"C5.GOBP_BROWN_FAT_CELL_DIFFERENTIATION","FNDC5"
"C5.GOBP_BROWN_FAT_CELL_DIFFERENTIATION","FTO"
"C5.GOBP_BROWN_FAT_CELL_DIFFERENTIATION","HNRNPU"
"C5.GOBP_BROWN_FAT_CELL_DIFFERENTIATION","INS"
"C5.GOBP_BROWN_FAT_CELL_DIFFERENTIATION","LAMB3"
"C5.GOBP_BROWN_FAT_CELL_DIFFERENTIATION","LEP"
"C5.GOBP_BROWN_FAT_CELL_DIFFERENTIATION","LRG1"
"C5.GOBP_BROWN_FAT_CELL_DIFFERENTIATION","MAPK14"
"C5.GOBP_BROWN_FAT_CELL_DIFFERENTIATION","MB"
"C5.GOBP_BROWN_FAT_CELL_DIFFERENTIATION","METRNL"
"C5.GOBP_BROWN_FAT_CELL_DIFFERENTIATION","NAPEPLD"
"C5.GOBP_BROWN_FAT_CELL_DIFFERENTIATION","NUDT7"
"C5.GOBP_BROWN_FAT_CELL_DIFFERENTIATION","PEX11A"
"C5.GOBP_BROWN_FAT_CELL_DIFFERENTIATION","PIM1"
"C5.GOBP_BROWN_FAT_CELL_DIFFERENTIATION","PLAC8"
"C5.GOBP_BROWN_FAT_CELL_DIFFERENTIATION","PPARGC1A"
"C5.GOBP_BROWN_FAT_CELL_DIFFERENTIATION","PRDM16"
"C5.GOBP_BROWN_FAT_CELL_DIFFERENTIATION","PTGS2"
"C5.GOBP_BROWN_FAT_CELL_DIFFERENTIATION","RGS2"
"C5.GOBP_BROWN_FAT_CELL_DIFFERENTIATION","RREB1"
"C5.GOBP_BROWN_FAT_CELL_DIFFERENTIATION","SIRT1"
"C5.GOBP_BROWN_FAT_CELL_DIFFERENTIATION","SIX1"
"C5.GOBP_BROWN_FAT_CELL_DIFFERENTIATION","SLC2A4"
"C5.GOBP_BROWN_FAT_CELL_DIFFERENTIATION","SOX13"
"C5.GOBP_BROWN_FAT_CELL_DIFFERENTIATION","TFE3"
"C5.GOBP_BROWN_FAT_CELL_DIFFERENTIATION","TRPV4"
"C5.GOBP_BROWN_FAT_CELL_DIFFERENTIATION","UCP1"
"C5.GOBP_BROWN_FAT_CELL_DIFFERENTIATION","VSTM2A"
"C5.GOBP_BROWN_FAT_CELL_DIFFERENTIATION","ZBTB7B"
"C5.GOBP_BROWN_FAT_CELL_DIFFERENTIATION","ZNF516"
"C5.GOBP_NEGATIVE_REGULATION_OF_COLD_INDUCED_THERMOGENESIS","ABHD6"
"C5.GOBP_NEGATIVE_REGULATION_OF_COLD_INDUCED_THERMOGENESIS","ACOT11"
"C5.GOBP_NEGATIVE_REGULATION_OF_COLD_INDUCED_THERMOGENESIS","ACOT13"
"C5.GOBP_NEGATIVE_REGULATION_OF_COLD_INDUCED_THERMOGENESIS","ACTN3"
"C5.GOBP_NEGATIVE_REGULATION_OF_COLD_INDUCED_THERMOGENESIS","ACVR2B"
"C5.GOBP_NEGATIVE_REGULATION_OF_COLD_INDUCED_THERMOGENESIS","ADAM17"
"C5.GOBP_NEGATIVE_REGULATION_OF_COLD_INDUCED_THERMOGENESIS","ADAMTS5"
"C5.GOBP_NEGATIVE_REGULATION_OF_COLD_INDUCED_THERMOGENESIS","ADIPOQ"
"C5.GOBP_NEGATIVE_REGULATION_OF_COLD_INDUCED_THERMOGENESIS","ALDH1A1"
"C5.GOBP_NEGATIVE_REGULATION_OF_COLD_INDUCED_THERMOGENESIS","ARNTL"
"C5.GOBP_NEGATIVE_REGULATION_OF_COLD_INDUCED_THERMOGENESIS","ARRDC3"
"C5.GOBP_NEGATIVE_REGULATION_OF_COLD_INDUCED_THERMOGENESIS","ATF4"
"C5.GOBP_NEGATIVE_REGULATION_OF_COLD_INDUCED_THERMOGENESIS","CIDEA"
"C5.GOBP_NEGATIVE_REGULATION_OF_COLD_INDUCED_THERMOGENESIS","DDIT3"
"C5.GOBP_NEGATIVE_REGULATION_OF_COLD_INDUCED_THERMOGENESIS","DOCK7"
"C5.GOBP_NEGATIVE_REGULATION_OF_COLD_INDUCED_THERMOGENESIS","FLCN"
"C5.GOBP_NEGATIVE_REGULATION_OF_COLD_INDUCED_THERMOGENESIS","FOXC2"
"C5.GOBP_NEGATIVE_REGULATION_OF_COLD_INDUCED_THERMOGENESIS","HOXC10"
"C5.GOBP_NEGATIVE_REGULATION_OF_COLD_INDUCED_THERMOGENESIS","ID1"
"C5.GOBP_NEGATIVE_REGULATION_OF_COLD_INDUCED_THERMOGENESIS","IL15"
"C5.GOBP_NEGATIVE_REGULATION_OF_COLD_INDUCED_THERMOGENESIS","IL18R1"
"C5.GOBP_NEGATIVE_REGULATION_OF_COLD_INDUCED_THERMOGENESIS","IP6K1"
"C5.GOBP_NEGATIVE_REGULATION_OF_COLD_INDUCED_THERMOGENESIS","LAMA4"
"C5.GOBP_NEGATIVE_REGULATION_OF_COLD_INDUCED_THERMOGENESIS","LGR4"
"C5.GOBP_NEGATIVE_REGULATION_OF_COLD_INDUCED_THERMOGENESIS","LNPEP"
"C5.GOBP_NEGATIVE_REGULATION_OF_COLD_INDUCED_THERMOGENESIS","MAP2K6"
"C5.GOBP_NEGATIVE_REGULATION_OF_COLD_INDUCED_THERMOGENESIS","NOTCH1"
"C5.GOBP_NEGATIVE_REGULATION_OF_COLD_INDUCED_THERMOGENESIS","NOVA1"
"C5.GOBP_NEGATIVE_REGULATION_OF_COLD_INDUCED_THERMOGENESIS","NOVA2"
"C5.GOBP_NEGATIVE_REGULATION_OF_COLD_INDUCED_THERMOGENESIS","NPR3"
"C5.GOBP_NEGATIVE_REGULATION_OF_COLD_INDUCED_THERMOGENESIS","NR1D1"
"C5.GOBP_NEGATIVE_REGULATION_OF_COLD_INDUCED_THERMOGENESIS","NR1H2"
"C5.GOBP_NEGATIVE_REGULATION_OF_COLD_INDUCED_THERMOGENESIS","NR1H3"
"C5.GOBP_NEGATIVE_REGULATION_OF_COLD_INDUCED_THERMOGENESIS","NRDC"
"C5.GOBP_NEGATIVE_REGULATION_OF_COLD_INDUCED_THERMOGENESIS","PCTP"
"C5.GOBP_NEGATIVE_REGULATION_OF_COLD_INDUCED_THERMOGENESIS","PGAM5"
"C5.GOBP_NEGATIVE_REGULATION_OF_COLD_INDUCED_THERMOGENESIS","PLCL1"
"C5.GOBP_NEGATIVE_REGULATION_OF_COLD_INDUCED_THERMOGENESIS","PLCL2"
"C5.GOBP_NEGATIVE_REGULATION_OF_COLD_INDUCED_THERMOGENESIS","RB1"
"C5.GOBP_NEGATIVE_REGULATION_OF_COLD_INDUCED_THERMOGENESIS","RBPJ"
"C5.GOBP_NEGATIVE_REGULATION_OF_COLD_INDUCED_THERMOGENESIS","RHEB"
"C5.GOBP_NEGATIVE_REGULATION_OF_COLD_INDUCED_THERMOGENESIS","STK11"
"C5.GOBP_NEGATIVE_REGULATION_OF_COLD_INDUCED_THERMOGENESIS","TFE3"
"C5.GOBP_NEGATIVE_REGULATION_OF_COLD_INDUCED_THERMOGENESIS","TLE3"
"C5.GOBP_NEGATIVE_REGULATION_OF_COLD_INDUCED_THERMOGENESIS","TLR4"
"C5.GOBP_NEGATIVE_REGULATION_OF_COLD_INDUCED_THERMOGENESIS","WNT10B"
"C5.GOBP_NEGATIVE_REGULATION_OF_COLD_INDUCED_THERMOGENESIS","ZNF423"
"C5.GOBP_POSITIVE_REGULATION_OF_COLD_INDUCED_THERMOGENESIS","ACADL"
"C5.GOBP_POSITIVE_REGULATION_OF_COLD_INDUCED_THERMOGENESIS","ACHE"
"C5.GOBP_POSITIVE_REGULATION_OF_COLD_INDUCED_THERMOGENESIS","ACSL1"
"C5.GOBP_POSITIVE_REGULATION_OF_COLD_INDUCED_THERMOGENESIS","ADCYAP1"
"C5.GOBP_POSITIVE_REGULATION_OF_COLD_INDUCED_THERMOGENESIS","ADIPOQ"
"C5.GOBP_POSITIVE_REGULATION_OF_COLD_INDUCED_THERMOGENESIS","ADIPOR1"
"C5.GOBP_POSITIVE_REGULATION_OF_COLD_INDUCED_THERMOGENESIS","ADIPOR2"
"C5.GOBP_POSITIVE_REGULATION_OF_COLD_INDUCED_THERMOGENESIS","ADRB1"
"C5.GOBP_POSITIVE_REGULATION_OF_COLD_INDUCED_THERMOGENESIS","ADRB2"
"C5.GOBP_POSITIVE_REGULATION_OF_COLD_INDUCED_THERMOGENESIS","ADRB3"
"C5.GOBP_POSITIVE_REGULATION_OF_COLD_INDUCED_THERMOGENESIS","ALMS1"
"C5.GOBP_POSITIVE_REGULATION_OF_COLD_INDUCED_THERMOGENESIS","ALPL"
"C5.GOBP_POSITIVE_REGULATION_OF_COLD_INDUCED_THERMOGENESIS","APC"
"C5.GOBP_POSITIVE_REGULATION_OF_COLD_INDUCED_THERMOGENESIS","APPL2"
"C5.GOBP_POSITIVE_REGULATION_OF_COLD_INDUCED_THERMOGENESIS","BSCL2"
"C5.GOBP_POSITIVE_REGULATION_OF_COLD_INDUCED_THERMOGENESIS","CAV1"
"C5.GOBP_POSITIVE_REGULATION_OF_COLD_INDUCED_THERMOGENESIS","CCR2"
"C5.GOBP_POSITIVE_REGULATION_OF_COLD_INDUCED_THERMOGENESIS","CD36"
"C5.GOBP_POSITIVE_REGULATION_OF_COLD_INDUCED_THERMOGENESIS","CEBPB"
"C5.GOBP_POSITIVE_REGULATION_OF_COLD_INDUCED_THERMOGENESIS","CMKLR1"
"C5.GOBP_POSITIVE_REGULATION_OF_COLD_INDUCED_THERMOGENESIS","CNOT3"
"C5.GOBP_POSITIVE_REGULATION_OF_COLD_INDUCED_THERMOGENESIS","CPT2"
"C5.GOBP_POSITIVE_REGULATION_OF_COLD_INDUCED_THERMOGENESIS","CXCR4"
"C5.GOBP_POSITIVE_REGULATION_OF_COLD_INDUCED_THERMOGENESIS","DBH"
"C5.GOBP_POSITIVE_REGULATION_OF_COLD_INDUCED_THERMOGENESIS","DECR1"
"C5.GOBP_POSITIVE_REGULATION_OF_COLD_INDUCED_THERMOGENESIS","DIO2"
"C5.GOBP_POSITIVE_REGULATION_OF_COLD_INDUCED_THERMOGENESIS","DYNC1H1"
"C5.GOBP_POSITIVE_REGULATION_OF_COLD_INDUCED_THERMOGENESIS","EBF2"
"C5.GOBP_POSITIVE_REGULATION_OF_COLD_INDUCED_THERMOGENESIS","EHMT1"
"C5.GOBP_POSITIVE_REGULATION_OF_COLD_INDUCED_THERMOGENESIS","ELOVL3"
"C5.GOBP_POSITIVE_REGULATION_OF_COLD_INDUCED_THERMOGENESIS","ELOVL6"
"C5.GOBP_POSITIVE_REGULATION_OF_COLD_INDUCED_THERMOGENESIS","EPAS1"
"C5.GOBP_POSITIVE_REGULATION_OF_COLD_INDUCED_THERMOGENESIS","ESRRG"
"C5.GOBP_POSITIVE_REGULATION_OF_COLD_INDUCED_THERMOGENESIS","FABP4"
"C5.GOBP_POSITIVE_REGULATION_OF_COLD_INDUCED_THERMOGENESIS","FABP5"
"C5.GOBP_POSITIVE_REGULATION_OF_COLD_INDUCED_THERMOGENESIS","FFAR4"
"C5.GOBP_POSITIVE_REGULATION_OF_COLD_INDUCED_THERMOGENESIS","FGF21"
"C5.GOBP_POSITIVE_REGULATION_OF_COLD_INDUCED_THERMOGENESIS","FH"
"C5.GOBP_POSITIVE_REGULATION_OF_COLD_INDUCED_THERMOGENESIS","G0S2"
"C5.GOBP_POSITIVE_REGULATION_OF_COLD_INDUCED_THERMOGENESIS","GADD45G"
"C5.GOBP_POSITIVE_REGULATION_OF_COLD_INDUCED_THERMOGENESIS","GATM"
"C5.GOBP_POSITIVE_REGULATION_OF_COLD_INDUCED_THERMOGENESIS","GHRL"
"C5.GOBP_POSITIVE_REGULATION_OF_COLD_INDUCED_THERMOGENESIS","GJA1"
"C5.GOBP_POSITIVE_REGULATION_OF_COLD_INDUCED_THERMOGENESIS","GNAS"
"C5.GOBP_POSITIVE_REGULATION_OF_COLD_INDUCED_THERMOGENESIS","GPR3"
"C5.GOBP_POSITIVE_REGULATION_OF_COLD_INDUCED_THERMOGENESIS","GRB10"
"C5.GOBP_POSITIVE_REGULATION_OF_COLD_INDUCED_THERMOGENESIS","HADH"
"C5.GOBP_POSITIVE_REGULATION_OF_COLD_INDUCED_THERMOGENESIS","HCRT"
"C5.GOBP_POSITIVE_REGULATION_OF_COLD_INDUCED_THERMOGENESIS","HDAC3"
"C5.GOBP_POSITIVE_REGULATION_OF_COLD_INDUCED_THERMOGENESIS","HSF1"
"C5.GOBP_POSITIVE_REGULATION_OF_COLD_INDUCED_THERMOGENESIS","IGF1R"
"C5.GOBP_POSITIVE_REGULATION_OF_COLD_INDUCED_THERMOGENESIS","IL13"
"C5.GOBP_POSITIVE_REGULATION_OF_COLD_INDUCED_THERMOGENESIS","IL18"
"C5.GOBP_POSITIVE_REGULATION_OF_COLD_INDUCED_THERMOGENESIS","IL4"
"C5.GOBP_POSITIVE_REGULATION_OF_COLD_INDUCED_THERMOGENESIS","IL4R"
"C5.GOBP_POSITIVE_REGULATION_OF_COLD_INDUCED_THERMOGENESIS","IRF4"
"C5.GOBP_POSITIVE_REGULATION_OF_COLD_INDUCED_THERMOGENESIS","JAK2"
"C5.GOBP_POSITIVE_REGULATION_OF_COLD_INDUCED_THERMOGENESIS","KDM1A"
"C5.GOBP_POSITIVE_REGULATION_OF_COLD_INDUCED_THERMOGENESIS","KDM3A"
"C5.GOBP_POSITIVE_REGULATION_OF_COLD_INDUCED_THERMOGENESIS","KDM6B"
"C5.GOBP_POSITIVE_REGULATION_OF_COLD_INDUCED_THERMOGENESIS","KSR2"
"C5.GOBP_POSITIVE_REGULATION_OF_COLD_INDUCED_THERMOGENESIS","LCN2"
"C5.GOBP_POSITIVE_REGULATION_OF_COLD_INDUCED_THERMOGENESIS","LEP"
"C5.GOBP_POSITIVE_REGULATION_OF_COLD_INDUCED_THERMOGENESIS","LEPR"
"C5.GOBP_POSITIVE_REGULATION_OF_COLD_INDUCED_THERMOGENESIS","LPIN1"
"C5.GOBP_POSITIVE_REGULATION_OF_COLD_INDUCED_THERMOGENESIS","MFAP2"
"C5.GOBP_POSITIVE_REGULATION_OF_COLD_INDUCED_THERMOGENESIS","MFN2"
"C5.GOBP_POSITIVE_REGULATION_OF_COLD_INDUCED_THERMOGENESIS","OGT"
"C5.GOBP_POSITIVE_REGULATION_OF_COLD_INDUCED_THERMOGENESIS","OMA1"
"C5.GOBP_POSITIVE_REGULATION_OF_COLD_INDUCED_THERMOGENESIS","OXT"
"C5.GOBP_POSITIVE_REGULATION_OF_COLD_INDUCED_THERMOGENESIS","OXTR"
"C5.GOBP_POSITIVE_REGULATION_OF_COLD_INDUCED_THERMOGENESIS","PDGFC"
"C5.GOBP_POSITIVE_REGULATION_OF_COLD_INDUCED_THERMOGENESIS","PEMT"
"C5.GOBP_POSITIVE_REGULATION_OF_COLD_INDUCED_THERMOGENESIS","PER2"
"C5.GOBP_POSITIVE_REGULATION_OF_COLD_INDUCED_THERMOGENESIS","PHOX2B"
"C5.GOBP_POSITIVE_REGULATION_OF_COLD_INDUCED_THERMOGENESIS","PLAC8"
"C5.GOBP_POSITIVE_REGULATION_OF_COLD_INDUCED_THERMOGENESIS","PPARGC1A"
"C5.GOBP_POSITIVE_REGULATION_OF_COLD_INDUCED_THERMOGENESIS","PPARGC1B"
"C5.GOBP_POSITIVE_REGULATION_OF_COLD_INDUCED_THERMOGENESIS","PRDM16"
"C5.GOBP_POSITIVE_REGULATION_OF_COLD_INDUCED_THERMOGENESIS","PRKAB1"
"C5.GOBP_POSITIVE_REGULATION_OF_COLD_INDUCED_THERMOGENESIS","PRKAB2"
"C5.GOBP_POSITIVE_REGULATION_OF_COLD_INDUCED_THERMOGENESIS","PRLR"
"C5.GOBP_POSITIVE_REGULATION_OF_COLD_INDUCED_THERMOGENESIS","PTH2R"
"C5.GOBP_POSITIVE_REGULATION_OF_COLD_INDUCED_THERMOGENESIS","SCD"
"C5.GOBP_POSITIVE_REGULATION_OF_COLD_INDUCED_THERMOGENESIS","SIRT6"
"C5.GOBP_POSITIVE_REGULATION_OF_COLD_INDUCED_THERMOGENESIS","SLN"
"C5.GOBP_POSITIVE_REGULATION_OF_COLD_INDUCED_THERMOGENESIS","STAT6"
"C5.GOBP_POSITIVE_REGULATION_OF_COLD_INDUCED_THERMOGENESIS","SYK"
"C5.GOBP_POSITIVE_REGULATION_OF_COLD_INDUCED_THERMOGENESIS","THRA"
"C5.GOBP_POSITIVE_REGULATION_OF_COLD_INDUCED_THERMOGENESIS","TRPM8"
"C5.GOBP_POSITIVE_REGULATION_OF_COLD_INDUCED_THERMOGENESIS","TRPV2"
"C5.GOBP_POSITIVE_REGULATION_OF_COLD_INDUCED_THERMOGENESIS","TSHR"
"C5.GOBP_POSITIVE_REGULATION_OF_COLD_INDUCED_THERMOGENESIS","UCP1"
"C5.GOBP_POSITIVE_REGULATION_OF_COLD_INDUCED_THERMOGENESIS","UCP2"
"C5.GOBP_POSITIVE_REGULATION_OF_COLD_INDUCED_THERMOGENESIS","VEGFA"
"C5.GOBP_POSITIVE_REGULATION_OF_COLD_INDUCED_THERMOGENESIS","YBX2"
"C5.GOBP_POSITIVE_REGULATION_OF_COLD_INDUCED_THERMOGENESIS","ZBTB7B"
"C5.GOBP_POSITIVE_REGULATION_OF_COLD_INDUCED_THERMOGENESIS","ZNF516"
"yi.Thermogenesis_Village","ACSL1"
"yi.Thermogenesis_Village","ACSL3"
"yi.Thermogenesis_Village","ACSL4"
"yi.Thermogenesis_Village","ACSL5"
"yi.Thermogenesis_Village","ACSL6"
"yi.Thermogenesis_Village","ACTB"
"yi.Thermogenesis_Village","ACTG1"
"yi.Thermogenesis_Village","ADCY1"
"yi.Thermogenesis_Village","ADCY10"
"yi.Thermogenesis_Village","ADCY2"
"yi.Thermogenesis_Village","ADCY3"
"yi.Thermogenesis_Village","ADCY4"
"yi.Thermogenesis_Village","ADCY5"
"yi.Thermogenesis_Village","ADCY6"
"yi.Thermogenesis_Village","ADCY7"
"yi.Thermogenesis_Village","ADCY8"
"yi.Thermogenesis_Village","ADCY9"
"yi.Thermogenesis_Village","ADIPOQ"
"yi.Thermogenesis_Village","ADRB1"
"yi.Thermogenesis_Village","ADRB2"
"yi.Thermogenesis_Village","ARID1A"
"yi.Thermogenesis_Village","ATF2"
"yi.Thermogenesis_Village","BMP8A"
"yi.Thermogenesis_Village","BMP8B"
"yi.Thermogenesis_Village","CD36"
"yi.Thermogenesis_Village","CEBPB"
"yi.Thermogenesis_Village","CPT1A"
"yi.Thermogenesis_Village","CPT1B"
"yi.Thermogenesis_Village","CPT2"
"yi.Thermogenesis_Village","CREB1"
"yi.Thermogenesis_Village","CREB3"
"yi.Thermogenesis_Village","CREB3L2"
"yi.Thermogenesis_Village","DIO2"
"yi.Thermogenesis_Village","DPF3"
"yi.Thermogenesis_Village","EBF2"
"yi.Thermogenesis_Village","EHMT1"
"yi.Thermogenesis_Village","ELOVL3"
"yi.Thermogenesis_Village","ELOVL6"
"yi.Thermogenesis_Village","ESRRG"
"yi.Thermogenesis_Village","FABP4"
"yi.Thermogenesis_Village","FABP5"
"yi.Thermogenesis_Village","FGF21"
"yi.Thermogenesis_Village","FGFR1"
"yi.Thermogenesis_Village","FRS2"
"yi.Thermogenesis_Village","GPR3"
"yi.Thermogenesis_Village","IRF4"
"yi.Thermogenesis_Village","KDM1A"
"yi.Thermogenesis_Village","KDM3A"
"yi.Thermogenesis_Village","KDM3B"
"yi.Thermogenesis_Village","KDM6B"
"yi.Thermogenesis_Village","KLB"
"yi.Thermogenesis_Village","LIPE"
"yi.Thermogenesis_Village","LPIN1"
"yi.Thermogenesis_Village","MAP2K3"
"yi.Thermogenesis_Village","MAPK11"
"yi.Thermogenesis_Village","MAPK12"
"yi.Thermogenesis_Village","MAPK13"
"yi.Thermogenesis_Village","MAPK14"
"yi.Thermogenesis_Village","MFN2"
"yi.Thermogenesis_Village","MGLL"
"yi.Thermogenesis_Village","MLST8"
"yi.Thermogenesis_Village","MTOR"
"yi.Thermogenesis_Village","PLIN1"
"yi.Thermogenesis_Village","PNPLA2"
"yi.Thermogenesis_Village","PPARG"
"yi.Thermogenesis_Village","PPARGC1A"
"yi.Thermogenesis_Village","PPARGC1B"
"yi.Thermogenesis_Village","PRDM16"
"yi.Thermogenesis_Village","PRKAA1"
"yi.Thermogenesis_Village","PRKAA2"
"yi.Thermogenesis_Village","PRKAB1"
"yi.Thermogenesis_Village","PRKAB2"
"yi.Thermogenesis_Village","PRKACA"
"yi.Thermogenesis_Village","PRKACB"
"yi.Thermogenesis_Village","PRKAG1"
"yi.Thermogenesis_Village","PRKAG2"
"yi.Thermogenesis_Village","PRKG1"
"yi.Thermogenesis_Village","PRKG2"
"yi.Thermogenesis_Village","RHEB"
"yi.Thermogenesis_Village","RPS6"
"yi.Thermogenesis_Village","RPS6KA1"
"yi.Thermogenesis_Village","RPS6KA2"
"yi.Thermogenesis_Village","RPS6KA3"
"yi.Thermogenesis_Village","RPS6KA6"
"yi.Thermogenesis_Village","RPS6KB1"
"yi.Thermogenesis_Village","RPS6KB2"
"yi.Thermogenesis_Village","RPTOR"
"yi.Thermogenesis_Village","SIRT6"
"yi.Thermogenesis_Village","SLC25A20"
"yi.Thermogenesis_Village","SMARCA2"
"yi.Thermogenesis_Village","SMARCA4"
"yi.Thermogenesis_Village","SMARCB1"
"yi.Thermogenesis_Village","SMARCC1"
"yi.Thermogenesis_Village","SMARCC2"
"yi.Thermogenesis_Village","SMARCD3"
"yi.Thermogenesis_Village","SMARCE1"
"yi.Thermogenesis_Village","THRA"
"yi.Thermogenesis_Village","TRPV2"
"yi.Thermogenesis_Village","TSC1"
"yi.Thermogenesis_Village","TSC2"
"yi.Thermogenesis_Village","UCP1"
"yi.Thermogenesis_Village","VEGFA"
"yi.Thermogenesis_Village","ZNF516"
